source_name_updated,local_feh,mgfe_apo,mgfe_err_apo,mgfe_other,mgfe_err_other,alfe_apo,alfe_err_apo,alfe_other,alfe_err_other,cluster_name,cluster_name_key,mgfe_combined,mgfe_combined_err,mgfe_combined_source,mgfe_offset_dex,mgfe_offset_scatter_dex,alfe_combined,alfe_combined_err,alfe_combined_source,alfe_offset_dex,alfe_offset_scatter_dex
2MASS-GC01,-1.19,0.0,0.0,-99.0,0.0,0.0,0.0,-99.0,0.0,2MASS-GC01,2MASS-GC01,,,,0.14984245598316193,0.06443310606479645,,,,0.2481590360403061,0.19696341922581195
2MASS-GC02,-1.08,0.0,0.0,-99.0,0.0,0.0,0.0,-99.0,0.0,2MASS-GC02,2MASS-GC02,,,,0.14984245598316193,0.06443310606479645,,,,0.2481590360403061,0.19696341922581195
AM 1,-1.7,0.0,0.0,0.0,0.0,0.0,0.0,0.0,0.0,AM 1,AM 1,,,,0.14984245598316193,0.06443310606479645,,,,0.2481590360403061,0.19696341922581195
AM 4,-1.3,0.0,0.0,0.0,0.0,0.0,0.0,0.0,0.0,AM 4,AM 4,,,,0.14984245598316193,0.06443310606479645,,,,0.2481590360403061,0.19696341922581195
Arp 2,-1.75,0.0,0.0,0.0,0.0,0.0,0.0,0.0,0.0,Arp 2,ARP 2,,,,0.14984245598316193,0.06443310606479645,,,,0.2481590360403061,0.19696341922581195
BH 140,-99.0,0.0,0.0,-99.0,0.0,0.0,0.0,-99.0,0.0,BH 140,BH 140,,,,0.14984245598316193,0.06443310606479645,,,,0.2481590360403061,0.19696341922581195
BH 261,-1.3,0.0,0.0,0.0,0.0,0.0,0.0,0.0,0.0,BH 261,BH 261,,,,0.14984245598316193,0.06443310606479645,,,,0.2481590360403061,0.19696341922581195
Crater,-1.68,0.0,0.0,-99.0,0.0,0.0,0.0,-99.0,0.0,Crater,CRATER,,,,0.14984245598316193,0.06443310606479645,,,,0.2481590360403061,0.19696341922581195
Djorg 1,-1.51,0.0,0.0,0.0,0.0,0.0,0.0,0.0,0.0,Djorg 1,DJORG 1,,,,0.14984245598316193,0.06443310606479645,,,,0.2481590360403061,0.19696341922581195
Djorg 2,-0.65,0.0,0.0,0.0,0.0,0.0,0.0,0.0,0.0,Djorg 2,DJORG 2,,,,0.14984245598316193,0.06443310606479645,,,,0.2481590360403061,0.19696341922581195
E 3,-0.83,0.0,0.0,0.0,0.0,0.0,0.0,0.0,0.0,E 3,E 3,,,,0.14984245598316193,0.06443310606479645,,,,0.2481590360403061,0.19696341922581195
ESO 280-SC06,-1.8,0.0,0.0,0.0,0.0,0.0,0.0,0.0,0.0,ESO 280-SC06,ESO 280-SC06,,,,0.14984245598316193,0.06443310606479645,,,,0.2481590360403061,0.19696341922581195
ESO 452-SC11,-1.5,0.0,0.0,0.0,0.0,0.0,0.0,0.0,0.0,ESO 452-SC11,ESO 452-SC11,,,,0.14984245598316193,0.06443310606479645,,,,0.2481590360403061,0.19696341922581195
Eridanus,-1.43,0.0,0.0,0.0,0.0,0.0,0.0,0.0,0.0,Eridanus,ERIDANUS,,,,0.14984245598316193,0.06443310606479645,,,,0.2481590360403061,0.19696341922581195
FSR 1716,-1.38,0.0,0.0,-99.0,0.0,0.0,0.0,-99.0,0.0,FSR 1716,FSR 1716,,,,0.14984245598316193,0.06443310606479645,,,,0.2481590360403061,0.19696341922581195
FSR 1735,-0.9,0.0,0.0,0.0,0.0,0.0,0.0,0.0,0.0,FSR 1735,FSR 1735,,,,0.14984245598316193,0.06443310606479645,,,,0.2481590360403061,0.19696341922581195
FSR 1758,-1.58,0.0,0.0,-99.0,0.0,0.0,0.0,-99.0,0.0,FSR 1758,FSR 1758,,,,0.14984245598316193,0.06443310606479645,,,,0.2481590360403061,0.19696341922581195
Gran 1,-1.19,0.0,0.0,-99.0,0.0,0.0,0.0,-99.0,0.0,Gran 1,GRAN 1,,,,0.14984245598316193,0.06443310606479645,,,,0.2481590360403061,0.19696341922581195
Gran 2,-2.21,0.0,0.0,-99.0,0.0,0.0,0.0,-99.0,0.0,Gran 2,GRAN 2,,,,0.14984245598316193,0.06443310606479645,,,,0.2481590360403061,0.19696341922581195
Gran 3,-2.33,0.0,0.0,-99.0,0.0,0.0,0.0,-99.0,0.0,Gran 3,GRAN 3,,,,0.14984245598316193,0.06443310606479645,,,,0.2481590360403061,0.19696341922581195
Gran 5,-1.56,0.0,0.0,-99.0,0.0,0.0,0.0,-99.0,0.0,Gran 5,GRAN 5,,,,0.14984245598316193,0.06443310606479645,,,,0.2481590360403061,0.19696341922581195
HP 1,-1.0,0.21393299,0.023831047,0.36,0.05,0.40823102,0.13589776,0.04,0.06,HP 1,HP 1,0.21393299102783203,0.023831047117710114,APOGEE,0.14984245598316193,0.06443310606479645,0.4082310199737549,0.13589775562286377,APOGEE,0.2481590360403061,0.19696341922581195
IC 1257,-1.7,0.0,0.0,0.0,0.0,0.0,0.0,0.0,0.0,IC 1257,IC 1257,,,,0.14984245598316193,0.06443310606479645,,,,0.2481590360403061,0.19696341922581195
IC 1276,-0.75,0.0,0.0,0.0,0.0,0.0,0.0,0.0,0.0,IC 1276,IC 1276,,,,0.14984245598316193,0.06443310606479645,,,,0.2481590360403061,0.19696341922581195
IC 4499,-1.53,0.0,0.0,0.0,0.0,0.0,0.0,0.0,0.0,IC 4499,IC 4499,,,,0.14984245598316193,0.06443310606479645,,,,0.2481590360403061,0.19696341922581195
Laevens 3,-1.8,0.0,0.0,-99.0,0.0,0.0,0.0,-99.0,0.0,Laevens 3,LAEVENS 3,,,,0.14984245598316193,0.06443310606479645,,,,0.2481590360403061,0.19696341922581195
Liller 1,-0.33,0.0,0.0,0.0,0.0,0.0,0.0,0.0,0.0,Liller 1,LILLER 1,,,,0.14984245598316193,0.06443310606479645,,,,0.2481590360403061,0.19696341922581195
Lynga 7,-1.01,0.0,0.0,0.0,0.0,0.0,0.0,0.0,0.0,Lynga 7,LYNGA 7,,,,0.14984245598316193,0.06443310606479645,,,,0.2481590360403061,0.19696341922581195
NGC 104,-0.72,0.33693308,0.001933132,0.0,0.0,0.30260098,0.0056082094,0.0,0.0,NGC 104,NGC 104,0.33693307638168335,0.001933131949044764,APOGEE,0.14984245598316193,0.06443310606479645,0.3026009798049927,0.0056082094088196754,APOGEE,0.2481590360403061,0.19696341922581195
NGC 1261,-1.27,0.0,0.0,0.41,0.01,0.0,0.0,0.12,0.07,NGC 1261,NGC 1261,0.2601575255393982,0.06520448625087738,literature,0.14984245598316193,0.06443310606479645,-0.1281590461730957,0.20903250575065613,literature,0.2481590360403061,0.19696341922581195
NGC 1851,-1.18,0.18410301,0.0075290627,0.35,0.008320503,0.01672101,0.049368568,0.13,0.05824352,NGC 1851,NGC 1851,0.18410301208496094,0.007529062684625387,APOGEE,0.14984245598316193,0.06443310606479645,0.016721010208129883,0.049368567764759064,APOGEE,0.2481590360403061,0.19696341922581195
NGC 1904,-1.6,0.11275494,0.016794303,0.0,0.0,0.23368096,0.123871975,0.0,0.0,NGC 1904,NGC 1904,0.1127549409866333,0.016794303432106972,APOGEE,0.14984245598316193,0.06443310606479645,0.23368096351623535,0.12387197464704514,APOGEE,0.2481590360403061,0.19696341922581195
NGC 2298,-1.92,0.19087303,0.033802617,0.0,0.0,-0.2718191,0.043312557,-0.0,0.0,NGC 2298,NGC 2298,0.19087302684783936,0.033802617341279984,APOGEE,0.14984245598316193,0.06443310606479645,-0.2718191146850586,0.04331255704164505,APOGEE,0.2481590360403061,0.19696341922581195
NGC 2419,-2.15,0.0,0.0,0.0,0.0,0.0,0.0,0.0,0.0,NGC 2419,NGC 2419,,,,0.14984245598316193,0.06443310606479645,,,,0.2481590360403061,0.19696341922581195
NGC 2808,-1.14,0.11886299,0.008399369,0.26,0.028736848,0.05748105,0.033974122,0.46,0.08441449,NGC 2808,NGC 2808,0.11886298656463623,0.008399369195103645,APOGEE,0.14984245598316193,0.06443310606479645,0.05748105049133301,0.03397412225604057,APOGEE,0.2481590360403061,0.19696341922581195
NGC 288,-1.32,0.27849305,0.0058264406,0.0,0.0,0.14384091,0.02400216,0.0,0.0,NGC 288,NGC 288,0.2784930467605591,0.005826440639793873,APOGEE,0.14984245598316193,0.06443310606479645,0.14384090900421143,0.024002160876989365,APOGEE,0.2481590360403061,0.19696341922581195
NGC 3201,-1.59,0.18526304,0.004687622,0.26,0.03,-0.27871907,0.010399863,-0.15,-0.08,NGC 3201,NGC 3201,0.1852630376815796,0.0046876221895217896,APOGEE,0.14984245598316193,0.06443310606479645,-0.27871906757354736,0.010399863123893738,APOGEE,0.2481590360403061,0.19696341922581195
NGC 362,-1.26,0.08432102,0.009660306,0.33,0.04,0.0078109503,0.04036654,0.24,0.19,NGC 362,NGC 362,0.0843210220336914,0.009660306386649609,APOGEE,0.14984245598316193,0.06443310606479645,0.00781095027923584,0.04036654159426689,APOGEE,0.2481590360403061,0.19696341922581195
NGC 4147,-1.8,0.0,0.0,0.0,0.0,0.0,0.0,0.0,0.0,NGC 4147,NGC 4147,,,,0.14984245598316193,0.06443310606479645,,,,0.2481590360403061,0.19696341922581195
NGC 4372,-2.17,0.0,0.0,0.0,0.0,0.0,0.0,0.0,0.0,NGC 4372,NGC 4372,,,,0.14984245598316193,0.06443310606479645,,,,0.2481590360403061,0.19696341922581195
NGC 4590,-2.23,0.25859308,0.017473033,0.45,0.056694675,0.291381,0.08559731,1.06,0.05773503,NGC 4590,NGC 4590,0.2585930824279785,0.01747303269803524,APOGEE,0.14984245598316193,0.06443310606479645,0.29138100147247314,0.08559730648994446,APOGEE,0.2481590360403061,0.19696341922581195
NGC 4833,-1.85,0.0,0.0,0.27,0.06350853,0.0,0.0,0.9,0.098149545,NGC 4833,NGC 4833,0.12015755474567413,0.09047076106071472,literature,0.14984245598316193,0.06443310606479645,0.6518409252166748,0.2200634479522705,literature,0.2481590360403061,0.19696341922581195
NGC 5024,-2.1,0.26465297,0.013416781,0.0,0.0,-0.023319006,0.07998628,-0.0,0.0,NGC 5024,NGC 5024,0.26465296745300293,0.013416781090199947,APOGEE,0.14984245598316193,0.06443310606479645,-0.023319005966186523,0.07998628169298172,APOGEE,0.2481590360403061,0.19696341922581195
NGC 5053,-2.27,0.26584315,0.017657708,0.0,0.0,0.64878106,0.16749674,0.0,0.0,NGC 5053,NGC 5053,0.26584315299987793,0.017657708376646042,APOGEE,0.14984245598316193,0.06443310606479645,0.6487810611724854,0.16749674081802368,APOGEE,0.2481590360403061,0.19696341922581195
NGC 5139,-1.53,0.27216303,0.003800207,0.0,0.0,0.11738098,0.015156586,0.0,0.0,NGC 5139,NGC 5139,0.2721630334854126,0.0038002070505172014,APOGEE,0.14984245598316193,0.06443310606479645,0.11738097667694092,0.015156585723161697,APOGEE,0.2481590360403061,0.19696341922581195
NGC 5272,-1.5,0.13733292,0.0061232625,0.22,0.03,-0.166919,0.01791072,0.51,0.08,NGC 5272,NGC 5272,0.13733291625976562,0.006123262457549572,APOGEE,0.14984245598316193,0.06443310606479645,-0.16691899299621582,0.01791072078049183,APOGEE,0.2481590360403061,0.19696341922581195
NGC 5286,-1.69,0.0,0.0,0.55,0.04,0.0,0.0,0.54,0.11,NGC 5286,NGC 5286,0.4001575708389282,0.07583946734666824,literature,0.14984245598316193,0.06443310606479645,0.29184097051620483,0.2255982905626297,literature,0.2481590360403061,0.19696341922581195
NGC 5466,-1.98,0.0,0.0,0.23,0.14,0.0,0.0,-0.055,0.18,NGC 5466,NGC 5466,0.08015754818916321,0.15411563217639923,literature,0.14984245598316193,0.06443310606479645,-0.30315902829170227,0.2668231427669525,literature,0.2481590360403061,0.19696341922581195
NGC 5634,-1.88,0.0,0.0,0.0,0.0,0.0,0.0,0.0,0.0,NGC 5634,NGC 5634,,,,0.14984245598316193,0.06443310606479645,,,,0.2481590360403061,0.19696341922581195
NGC 5694,-1.98,0.0,0.0,0.0,0.0,0.0,0.0,0.0,0.0,NGC 5694,NGC 5694,,,,0.14984245598316193,0.06443310606479645,,,,0.2481590360403061,0.19696341922581195
NGC 5824,-1.91,0.0,0.0,0.0,0.0,0.0,0.0,0.0,0.0,NGC 5824,NGC 5824,,,,0.14984245598316193,0.06443310606479645,,,,0.2481590360403061,0.19696341922581195
NGC 5897,-1.9,0.0,0.0,0.0,0.0,0.0,0.0,0.0,0.0,NGC 5897,NGC 5897,,,,0.14984245598316193,0.06443310606479645,,,,0.2481590360403061,0.19696341922581195
NGC 5904,-1.29,0.157763,0.0059208036,0.0,0.0,0.14264095,0.031655382,0.0,0.0,NGC 5904,NGC 5904,0.15776300430297852,0.005920803640037775,APOGEE,0.14984245598316193,0.06443310606479645,0.14264094829559326,0.03165538236498833,APOGEE,0.2481590360403061,0.19696341922581195
NGC 5927,-0.49,0.0,0.0,0.27,0.02,0.0,0.0,0.49,0.03,NGC 5927,NGC 5927,0.12015755474567413,0.06746573001146317,literature,0.14984245598316193,0.06443310606479645,0.24184097349643707,0.1992350071668625,literature,0.2481590360403061,0.19696341922581195
NGC 5946,-1.29,0.0,0.0,0.0,0.0,0.0,0.0,0.0,0.0,NGC 5946,NGC 5946,,,,0.14984245598316193,0.06443310606479645,,,,0.2481590360403061,0.19696341922581195
NGC 5986,-1.59,0.0,0.0,0.33,0.027888669,0.0,0.0,0.43,0.07000238,NGC 5986,NGC 5986,0.18015755712985992,0.07020970433950424,literature,0.14984245598316193,0.06443310606479645,0.18184097111225128,0.2090332955121994,literature,0.2481590360403061,0.19696341922581195
NGC 6093,-1.75,0.0,0.0,0.0,0.0,0.0,0.0,0.0,0.0,NGC 6093,NGC 6093,,,,0.14984245598316193,0.06443310606479645,,,,0.2481590360403061,0.19696341922581195
NGC 6101,-1.98,0.0,0.0,0.0,0.0,0.0,0.0,0.0,0.0,NGC 6101,NGC 6101,,,,0.14984245598316193,0.06443310606479645,,,,0.2481590360403061,0.19696341922581195
NGC 6121,-1.16,0.34827292,0.0022880672,0.55,0.005,0.4726609,0.005321567,0.59,0.03,NGC 6121,NGC 6121,0.3482729196548462,0.0022880672477185726,APOGEE,0.14984245598316193,0.06443310606479645,0.4726608991622925,0.0053215669468045235,APOGEE,0.2481590360403061,0.19696341922581195
NGC 6139,-1.65,0.0,0.0,0.504,0.007,0.0,0.0,0.56,0.04,NGC 6139,NGC 6139,0.35415756702423096,0.06481222808361053,literature,0.14984245598316193,0.06443310606479645,0.3118409514427185,0.20098404586315155,literature,0.2481590360403061,0.19696341922581195
NGC 6144,-1.76,0.0,0.0,0.0,0.0,0.0,0.0,0.0,0.0,NGC 6144,NGC 6144,,,,0.14984245598316193,0.06443310606479645,,,,0.2481590360403061,0.19696341922581195
NGC 6171,-1.02,0.31981295,0.008025372,0.0,0.0,0.361081,0.015868342,0.0,0.0,NGC 6171,NGC 6171,0.31981295347213745,0.00802537240087986,APOGEE,0.14984245598316193,0.06443310606479645,0.36108100414276123,0.01586834155023098,APOGEE,0.2481590360403061,0.19696341922581195
NGC 6205,-1.53,0.14212501,0.018368308,0.0,0.0,0.40530097,0.10114942,0.0,0.0,NGC 6205,NGC 6205,0.14212501049041748,0.018368307501077652,APOGEE,0.14984245598316193,0.06443310606479645,0.40530097484588623,0.10114941745996475,APOGEE,0.2481590360403061,0.19696341922581195
NGC 6218,-1.37,0.31561303,0.005543004,0.0,0.0,0.038880944,0.01569744,0.0,0.0,NGC 6218,NGC 6218,0.3156130313873291,0.005543003790080547,APOGEE,0.14984245598316193,0.06443310606479645,0.03888094425201416,0.01569744013249874,APOGEE,0.2481590360403061,0.19696341922581195
NGC 6229,-1.47,0.0,0.0,0.2,0.03278379,0.0,0.0,0.24,0.16054283,NGC 6229,NGC 6229,0.05015754699707031,0.07229386270046234,literature,0.14984245598316193,0.06443310606479645,-0.008159041404724121,0.25410348176956177,literature,0.2481590360403061,0.19696341922581195
NGC 6235,-1.28,0.0,0.0,0.0,0.0,0.0,0.0,0.0,0.0,NGC 6235,NGC 6235,,,,0.14984245598316193,0.06443310606479645,,,,0.2481590360403061,0.19696341922581195
NGC 6254,-1.56,0.24950314,0.011114532,0.0,0.0,-0.009518981,0.044028994,-0.0,0.0,NGC 6254,NGC 6254,0.24950313568115234,0.011114532127976418,APOGEE,0.14984245598316193,0.06443310606479645,-0.009518980979919434,0.04402899369597435,APOGEE,0.2481590360403061,0.19696341922581195
NGC 6256,-1.02,0.0,0.0,0.0,0.0,0.0,0.0,0.0,0.0,NGC 6256,NGC 6256,,,,0.14984245598316193,0.06443310606479645,,,,0.2481590360403061,0.19696341922581195
NGC 6266,-1.18,0.0,0.0,0.39,0.015083593,0.0,0.0,0.44,0.10637009,NGC 6266,NGC 6266,0.24015752971172333,0.06617506593465805,literature,0.14984245598316193,0.06443310606479645,0.19184096157550812,0.223850816488266,literature,0.2481590360403061,0.19696341922581195
NGC 6273,-1.74,0.19499302,0.010401037,0.35,0.02,0.43278098,0.054404464,0.79,0.04,NGC 6273,NGC 6273,0.1949930191040039,0.010401036590337753,APOGEE,0.14984245598316193,0.06443310606479645,0.4327809810638428,0.05440446361899376,APOGEE,0.2481590360403061,0.19696341922581195
NGC 6284,-1.26,0.0,0.0,0.0,0.0,0.0,0.0,0.0,0.0,NGC 6284,NGC 6284,,,,0.14984245598316193,0.06443310606479645,,,,0.2481590360403061,0.19696341922581195
NGC 6287,-2.1,0.0,0.0,0.0,0.0,0.0,0.0,0.0,0.0,NGC 6287,NGC 6287,,,,0.14984245598316193,0.06443310606479645,,,,0.2481590360403061,0.19696341922581195
NGC 6293,-1.99,0.15912509,0.031117976,0.0,0.0,0.489581,0.06857055,0.0,0.0,NGC 6293,NGC 6293,0.15912508964538574,0.03111797571182251,APOGEE,0.14984245598316193,0.06443310606479645,0.48958098888397217,0.06857054680585861,APOGEE,0.2481590360403061,0.19696341922581195
NGC 6304,-0.45,0.298923,0.0064007253,0.0,0.0,0.285942,0.02904565,0.0,0.0,NGC 6304,NGC 6304,0.29892298579216003,0.0064007253386080265,APOGEE,0.14984245598316193,0.06443310606479645,0.2859419882297516,0.029045650735497475,APOGEE,0.2481590360403061,0.19696341922581195
NGC 6316,-0.45,0.28574297,0.0029174006,0.0,0.0,0.215891,0.113313325,0.0,0.0,NGC 6316,NGC 6316,0.28574296832084656,0.002917400561273098,APOGEE,0.14984245598316193,0.06443310606479645,0.2158910036087036,0.11331332474946976,APOGEE,0.2481590360403061,0.19696341922581195
NGC 6325,-1.25,0.0,0.0,0.0,0.0,0.0,0.0,0.0,0.0,NGC 6325,NGC 6325,,,,0.14984245598316193,0.06443310606479645,,,,0.2481590360403061,0.19696341922581195
NGC 6333,-1.77,0.0,0.0,0.0,0.0,0.0,0.0,0.0,0.0,NGC 6333,NGC 6333,,,,0.14984245598316193,0.06443310606479645,,,,0.2481590360403061,0.19696341922581195
NGC 6341,-2.31,0.25229192,0.01986753,0.0,0.0,0.43608105,0.03950343,0.0,0.0,NGC 6341,NGC 6341,0.2522919178009033,0.019867530092597008,APOGEE,0.14984245598316193,0.06443310606479645,0.43608105182647705,0.03950342908501625,APOGEE,0.2481590360403061,0.19696341922581195
NGC 6342,-0.55,0.0,0.0,0.0,0.0,0.0,0.0,0.0,0.0,NGC 6342,NGC 6342,,,,0.14984245598316193,0.06443310606479645,,,,0.2481590360403061,0.19696341922581195
NGC 6352,-0.64,0.0,0.0,0.0,0.0,0.0,0.0,0.0,0.0,NGC 6352,NGC 6352,,,,0.14984245598316193,0.06443310606479645,,,,0.2481590360403061,0.19696341922581195
NGC 6355,-1.37,0.0,0.0,0.41,0.07,0.0,0.0,0.04,0.28,NGC 6355,NGC 6355,0.2601575255393982,0.09514002501964569,literature,0.14984245598316193,0.06443310606479645,-0.20815902948379517,0.3423369526863098,literature,0.2481590360403061,0.19696341922581195
NGC 6356,-0.4,0.0,0.0,0.0,0.0,0.0,0.0,0.0,0.0,NGC 6356,NGC 6356,,,,0.14984245598316193,0.06443310606479645,,,,0.2481590360403061,0.19696341922581195
NGC 6362,-0.99,0.0,0.0,0.54,0.01,0.0,0.0,0.51,0.02,NGC 6362,NGC 6362,0.3901575803756714,0.06520448625087738,literature,0.14984245598316193,0.06443310606479645,0.26184093952178955,0.1979762315750122,literature,0.2481590360403061,0.19696341922581195
NGC 6366,-0.59,0.0,0.0,0.0,0.0,0.0,0.0,0.0,0.0,NGC 6366,NGC 6366,,,,0.14984245598316193,0.06443310606479645,,,,0.2481590360403061,0.19696341922581195
NGC 6380,-0.75,0.31770298,0.006645069,0.0,0.0,0.63575804,0.054920226,0.0,0.0,NGC 6380,NGC 6380,0.317702978849411,0.006645068991929293,APOGEE,0.14984245598316193,0.06443310606479645,0.6357580423355103,0.05492022633552551,APOGEE,0.2481590360403061,0.19696341922581195
NGC 6388,-0.55,0.061705053,0.0070859273,0.206,0.012413031,0.12020102,0.034690633,0.385,0.11287198,NGC 6388,NGC 6388,0.061705052852630615,0.0070859272964298725,APOGEE,0.14984245598316193,0.06443310606479645,0.12020102143287659,0.03469063341617584,APOGEE,0.2481590360403061,0.19696341922581195
NGC 6397,-2.02,0.28351295,0.0061552417,0.0,0.0,0.44018102,0.022977034,0.0,0.0,NGC 6397,NGC 6397,0.2835129499435425,0.006155241746455431,APOGEE,0.14984245598316193,0.06443310606479645,0.44018101692199707,0.022977033630013466,APOGEE,0.2481590360403061,0.19696341922581195
NGC 6401,-1.02,0.0,0.0,0.0,0.0,0.0,0.0,0.0,0.0,NGC 6401,NGC 6401,,,,0.14984245598316193,0.06443310606479645,,,,0.2481590360403061,0.19696341922581195
NGC 6402,-1.28,0.0,0.0,0.34,0.1,0.0,0.0,0.46,0.060026456,NGC 6402,NGC 6402,0.19015754759311676,0.11896060407161713,literature,0.14984245598316193,0.06443310606479645,0.21184097230434418,0.2059071660041809,literature,0.2481590360403061,0.19696341922581195
NGC 6426,-2.15,0.0,0.0,0.0,0.0,0.0,0.0,0.0,0.0,NGC 6426,NGC 6426,,,,0.14984245598316193,0.06443310606479645,,,,0.2481590360403061,0.19696341922581195
NGC 6440,-0.36,0.0,0.0,0.33,0.01,0.0,0.0,0.47,0.02,NGC 6440,NGC 6440,0.18015755712985992,0.06520448625087738,literature,0.14984245598316193,0.06443310606479645,0.221840962767601,0.1979762315750122,literature,0.2481590360403061,0.19696341922581195
NGC 6441,-0.46,0.217603,0.026553355,0.0,0.0,0.163281,0.08253784,0.0,0.0,NGC 6441,NGC 6441,0.21760299801826477,0.026553355157375336,APOGEE,0.14984245598316193,0.06443310606479645,0.16328099370002747,0.08253783732652664,APOGEE,0.2481590360403061,0.19696341922581195
NGC 6453,-1.5,0.0,0.0,0.0,0.0,0.0,0.0,0.0,0.0,NGC 6453,NGC 6453,,,,0.14984245598316193,0.06443310606479645,,,,0.2481590360403061,0.19696341922581195
NGC 6496,-0.46,0.0,0.0,0.0,0.0,0.0,0.0,0.0,0.0,NGC 6496,NGC 6496,,,,0.14984245598316193,0.06443310606479645,,,,0.2481590360403061,0.19696341922581195
NGC 6517,-1.23,0.0,0.0,0.0,0.0,0.0,0.0,0.0,0.0,NGC 6517,NGC 6517,,,,0.14984245598316193,0.06443310606479645,,,,0.2481590360403061,0.19696341922581195
NGC 6522,-1.34,0.0,0.0,0.37,0.04656025,0.0,0.0,0.64,0.11443964,NGC 6522,NGC 6522,0.22015754878520966,0.07949516922235489,literature,0.14984245598316193,0.06443310606479645,0.39184093475341797,0.22779600322246552,literature,0.2481590360403061,0.19696341922581195
NGC 6528,-0.11,0.0,0.0,0.26,0.03,0.0,0.0,0.44,0.04,NGC 6528,NGC 6528,0.11015753448009491,0.07107478380203247,literature,0.14984245598316193,0.06443310606479645,0.19184096157550812,0.20098404586315155,literature,0.2481590360403061,0.19696341922581195
NGC 6535,-1.79,0.0,0.0,0.0,0.0,0.0,0.0,0.0,0.0,NGC 6535,NGC 6535,,,,0.14984245598316193,0.06443310606479645,,,,0.2481590360403061,0.19696341922581195
NGC 6539,-0.63,0.0,0.0,0.0,0.0,0.0,0.0,0.0,0.0,NGC 6539,NGC 6539,,,,0.14984245598316193,0.06443310606479645,,,,0.2481590360403061,0.19696341922581195
NGC 6540,-1.35,0.0,0.0,0.0,0.0,0.0,0.0,0.0,0.0,NGC 6540,NGC 6540,,,,0.14984245598316193,0.06443310606479645,,,,0.2481590360403061,0.19696341922581195
NGC 6541,-1.81,0.0,0.0,0.0,0.0,0.0,0.0,0.0,0.0,NGC 6541,NGC 6541,,,,0.14984245598316193,0.06443310606479645,,,,0.2481590360403061,0.19696341922581195
NGC 6544,-1.4,0.1995331,0.011171844,0.0,0.0,0.11788094,0.06121039,0.0,0.0,NGC 6544,NGC 6544,0.1995331048965454,0.011171843856573105,APOGEE,0.14984245598316193,0.06443310606479645,0.1178809404373169,0.06121039018034935,APOGEE,0.2481590360403061,0.19696341922581195
NGC 6553,-0.18,0.202205,0.01532057,0.19,0.03,0.217861,0.03838011,0.0,0.0,NGC 6553,NGC 6553,0.20220500230789185,0.015320570208132267,APOGEE,0.14984245598316193,0.06443310606479645,0.21786099672317505,0.038380108773708344,APOGEE,0.2481590360403061,0.19696341922581195
NGC 6558,-1.32,0.274253,0.008771981,0.33,0.034,0.09504092,0.07217842,0.15,0.07,NGC 6558,NGC 6558,0.2742530107498169,0.008771981112658978,APOGEE,0.14984245598316193,0.06443310606479645,0.09504091739654541,0.0721784234046936,APOGEE,0.2481590360403061,0.19696341922581195
NGC 6569,-0.76,0.329813,0.012918375,0.41,0.01,0.28775102,0.082808115,0.52,0.025560385,NGC 6569,NGC 6569,0.32981300354003906,0.012918375432491302,APOGEE,0.14984245598316193,0.06443310606479645,0.2877510190010071,0.08280811458826065,APOGEE,0.2481590360403061,0.19696341922581195
NGC 6584,-1.5,0.0,0.0,0.44,0.02,0.0,0.0,0.33,0.03,NGC 6584,NGC 6584,0.2901575565338135,0.06746573001146317,literature,0.14984245598316193,0.06443310606479645,0.08184097707271576,0.1992350071668625,literature,0.2481590360403061,0.19696341922581195
NGC 6624,-0.44,0.0,0.0,0.42,0.022226112,0.0,0.0,0.39,0.0074833143,NGC 6624,NGC 6624,0.27015751600265503,0.068158820271492,literature,0.14984245598316193,0.06443310606479645,0.14184094965457916,0.1971055269241333,literature,0.2481590360403061,0.19696341922581195
NGC 6626,-1.32,0.0,0.0,0.0,0.0,0.0,0.0,0.0,0.0,NGC 6626,NGC 6626,,,,0.14984245598316193,0.06443310606479645,,,,0.2481590360403061,0.19696341922581195
NGC 6637,-0.64,0.0,0.0,0.0,0.0,0.0,0.0,0.0,0.0,NGC 6637,NGC 6637,,,,0.14984245598316193,0.06443310606479645,,,,0.2481590360403061,0.19696341922581195
NGC 6638,-0.95,0.0,0.0,0.0,0.0,0.0,0.0,0.0,0.0,NGC 6638,NGC 6638,,,,0.14984245598316193,0.06443310606479645,,,,0.2481590360403061,0.19696341922581195
NGC 6642,-1.26,0.3328929,0.0075849122,0.0,0.0,0.22011101,0.037981924,0.0,0.0,NGC 6642,NGC 6642,0.33289289474487305,0.007584912236779928,APOGEE,0.14984245598316193,0.06443310606479645,0.22011101245880127,0.037981923669576645,APOGEE,0.2481590360403061,0.19696341922581195
NGC 6652,-0.81,0.0,0.0,0.0,0.0,0.0,0.0,0.0,0.0,NGC 6652,NGC 6652,,,,0.14984245598316193,0.06443310606479645,,,,0.2481590360403061,0.19696341922581195
NGC 6656,-1.7,0.25242293,0.004319089,0.0,0.0,0.38358092,0.02098224,0.0,0.0,NGC 6656,NGC 6656,0.25242292881011963,0.004319088999181986,APOGEE,0.14984245598316193,0.06443310606479645,0.38358092308044434,0.02098223939538002,APOGEE,0.2481590360403061,0.19696341922581195
NGC 6681,-1.62,0.0,0.0,0.0,0.0,0.0,0.0,0.0,0.0,NGC 6681,NGC 6681,,,,0.14984245598316193,0.06443310606479645,,,,0.2481590360403061,0.19696341922581195
NGC 6712,-1.02,0.0,0.0,0.0,0.0,0.0,0.0,0.0,0.0,NGC 6712,NGC 6712,,,,0.14984245598316193,0.06443310606479645,,,,0.2481590360403061,0.19696341922581195
NGC 6715,-1.49,0.12638211,0.013688728,0.28,0.034016807,-0.24931896,0.057419173,0.65,0.25311393,NGC 6715,NGC 6715,0.12638211250305176,0.013688728213310242,APOGEE,0.14984245598316193,0.06443310606479645,-0.2493189573287964,0.057419173419475555,APOGEE,0.2481590360403061,0.19696341922581195
NGC 6717,-1.26,0.0,0.0,0.0,0.0,0.0,0.0,0.0,0.0,NGC 6717,NGC 6717,,,,0.14984245598316193,0.06443310606479645,,,,0.2481590360403061,0.19696341922581195
NGC 6723,-1.1,0.27480292,0.010142646,0.47,0.030151134,0.09390092,0.03747748,0.35,0.03316625,NGC 6723,NGC 6723,0.27480292320251465,0.010142645798623562,APOGEE,0.14984245598316193,0.06443310606479645,0.09390091896057129,0.03747747838497162,APOGEE,0.2481590360403061,0.19696341922581195
NGC 6749,-1.6,0.0,0.0,0.0,0.0,0.0,0.0,0.0,0.0,NGC 6749,NGC 6749,,,,0.14984245598316193,0.06443310606479645,,,,0.2481590360403061,0.19696341922581195
NGC 6752,-1.54,0.22353303,0.007957119,0.384,0.01,0.35978103,0.043094635,0.6,0.075,NGC 6752,NGC 6752,0.223533034324646,0.007957118563354015,APOGEE,0.14984245598316193,0.06443310606479645,0.35978102684020996,0.043094635009765625,APOGEE,0.2481590360403061,0.19696341922581195
NGC 6760,-0.4,0.0,0.0,0.0,0.0,0.0,0.0,0.0,0.0,NGC 6760,NGC 6760,,,,0.14984245598316193,0.06443310606479645,,,,0.2481590360403061,0.19696341922581195
NGC 6779,-1.98,0.0,0.0,0.0,0.0,0.0,0.0,0.0,0.0,NGC 6779,NGC 6779,,,,0.14984245598316193,0.06443310606479645,,,,0.2481590360403061,0.19696341922581195
NGC 6809,-1.94,0.28588295,0.008218051,0.41,0.03,0.27218103,0.047740586,0.86,0.1,NGC 6809,NGC 6809,0.28588294982910156,0.008218050934374332,APOGEE,0.14984245598316193,0.06443310606479645,0.27218103408813477,0.04774058610200882,APOGEE,0.2481590360403061,0.19696341922581195
NGC 6838,-0.78,0.31969297,0.0028579568,0.0,0.0,0.22183102,0.006192726,0.0,0.0,NGC 6838,NGC 6838,0.3196929693222046,0.002857956802472472,APOGEE,0.14984245598316193,0.06443310606479645,0.22183102369308472,0.006192726083099842,APOGEE,0.2481590360403061,0.19696341922581195
NGC 6864,-1.29,0.0,0.0,0.27,0.11,0.0,0.0,0.19,0.08,NGC 6864,NGC 6864,0.12015755474567413,0.1274818629026413,literature,0.14984245598316193,0.06443310606479645,-0.05815903842449188,0.21259018778800964,literature,0.2481590360403061,0.19696341922581195
NGC 6934,-1.47,0.0,0.0,0.38,0.02,0.0,0.0,0.03,0.08,NGC 6934,NGC 6934,0.2301575392484665,0.06746573001146317,literature,0.14984245598316193,0.06443310606479645,-0.2181590348482132,0.21259018778800964,literature,0.2481590360403061,0.19696341922581195
NGC 6981,-1.42,0.0,0.0,0.0,0.0,0.0,0.0,0.0,0.0,NGC 6981,NGC 6981,,,,0.14984245598316193,0.06443310606479645,,,,0.2481590360403061,0.19696341922581195
NGC 7006,-1.52,0.0,0.0,0.0,0.0,0.0,0.0,0.0,0.0,NGC 7006,NGC 7006,,,,0.14984245598316193,0.06443310606479645,,,,0.2481590360403061,0.19696341922581195
NGC 7078,-2.37,0.2882229,0.017093284,0.0,0.0,0.4265809,0.044287488,0.0,0.0,NGC 7078,NGC 7078,0.28822290897369385,0.01709328405559063,APOGEE,0.14984245598316193,0.06443310606479645,0.42658090591430664,0.044287487864494324,APOGEE,0.2481590360403061,0.19696341922581195
NGC 7089,-1.65,0.09842801,0.02172504,0.33,0.029316675,0.31768095,0.097905725,0.45,0.08049023,NGC 7089,NGC 7089,0.09842801094055176,0.021725039929151535,APOGEE,0.14984245598316193,0.06443310606479645,0.3176809549331665,0.0979057252407074,APOGEE,0.2481590360403061,0.19696341922581195
NGC 7099,-2.27,0.0,0.0,0.0,0.0,0.0,0.0,0.0,0.0,NGC 7099,NGC 7099,,,,0.14984245598316193,0.06443310606479645,,,,0.2481590360403061,0.19696341922581195
NGC 7492,-1.78,0.0,0.0,0.0,0.0,0.0,0.0,0.0,0.0,NGC 7492,NGC 7492,,,,0.14984245598316193,0.06443310606479645,,,,0.2481590360403061,0.19696341922581195
Pal 1,-0.65,0.0,0.0,0.0,0.0,0.0,0.0,0.0,0.0,Pal 1,PAL 1,,,,0.14984245598316193,0.06443310606479645,,,,0.2481590360403061,0.19696341922581195
Pal 10,-0.1,0.0,0.0,0.0,0.0,0.0,0.0,0.0,0.0,Pal 10,PAL 10,,,,0.14984245598316193,0.06443310606479645,,,,0.2481590360403061,0.19696341922581195
Pal 11,-0.4,0.0,0.0,0.0,0.0,0.0,0.0,0.0,0.0,Pal 11,PAL 11,,,,0.14984245598316193,0.06443310606479645,,,,0.2481590360403061,0.19696341922581195
Pal 12,-0.85,0.0,0.0,0.08,0.01,0.0,0.0,0.0,0.0,Pal 12,PAL 12,-0.06984245777130127,0.06520448625087738,literature,0.14984245598316193,0.06443310606479645,,,,0.2481590360403061,0.19696341922581195
Pal 13,-1.88,0.0,0.0,0.0,0.0,0.0,0.0,0.0,0.0,Pal 13,PAL 13,,,,0.14984245598316193,0.06443310606479645,,,,0.2481590360403061,0.19696341922581195
Pal 14,-1.62,0.0,0.0,0.37,0.08,0.0,0.0,0.0,0.0,Pal 14,PAL 14,0.22015754878520966,0.10272110253572464,literature,0.14984245598316193,0.06443310606479645,,,,0.2481590360403061,0.19696341922581195
Pal 15,-2.07,0.0,0.0,0.0,0.0,0.0,0.0,0.0,0.0,Pal 15,PAL 15,,,,0.14984245598316193,0.06443310606479645,,,,0.2481590360403061,0.19696341922581195
Pal 2,-1.42,0.0,0.0,0.0,0.0,0.0,0.0,0.0,0.0,Pal 2,PAL 2,,,,0.14984245598316193,0.06443310606479645,,,,0.2481590360403061,0.19696341922581195
Pal 3,-1.63,0.0,0.0,0.0,0.0,0.0,0.0,0.0,0.0,Pal 3,PAL 3,,,,0.14984245598316193,0.06443310606479645,,,,0.2481590360403061,0.19696341922581195
Pal 4,-1.41,0.0,0.0,0.0,0.0,0.0,0.0,0.0,0.0,Pal 4,PAL 4,,,,0.14984245598316193,0.06443310606479645,,,,0.2481590360403061,0.19696341922581195
Pal 5,-1.41,0.0,0.0,0.25,0.25403413,0.0,0.0,0.0,0.0,Pal 5,PAL 5,0.10015754401683807,0.2620781660079956,literature,0.14984245598316193,0.06443310606479645,,,,0.2481590360403061,0.19696341922581195
Pal 6,-0.91,0.0,0.0,0.0,0.0,0.0,0.0,0.0,0.0,Pal 6,PAL 6,,,,0.14984245598316193,0.06443310606479645,,,,0.2481590360403061,0.19696341922581195
Pal 8,-0.37,0.0,0.0,0.0,0.0,0.0,0.0,0.0,0.0,Pal 8,PAL 8,,,,0.14984245598316193,0.06443310606479645,,,,0.2481590360403061,0.19696341922581195
Patchick 126,-0.7,0.0,0.0,-99.0,0.0,0.0,0.0,-99.0,0.0,Patchick 126,PATCHICK 126,,,,0.14984245598316193,0.06443310606479645,,,,0.2481590360403061,0.19696341922581195
Pyxis,-1.2,0.0,0.0,0.0,0.0,0.0,0.0,0.0,0.0,Pyxis,PYXIS,,,,0.14984245598316193,0.06443310606479645,,,,0.2481590360403061,0.19696341922581195
Rup 106,-1.68,0.0,0.0,0.02,0.18,0.0,0.0,0.25,0.18,Rup 106,RUP 106,-0.12984246015548706,0.19118478894233704,literature,0.14984245598316193,0.06443310606479645,0.0018409639596939087,0.2668231427669525,literature,0.2481590360403061,0.19696341922581195
Sagittarius II,-1.19,0.0,0.0,-99.0,0.0,0.0,0.0,-99.0,0.0,Sagittarius II,SAGITTARIUS II,,,,0.14984245598316193,0.06443310606479645,,,,0.2481590360403061,0.19696341922581195
Terzan 1,-1.03,0.0,0.0,0.42,0.02,0.0,0.0,0.0,0.0,Terzan 1,TERZAN 1,0.27015751600265503,0.06746573001146317,literature,0.14984245598316193,0.06443310606479645,,,,0.2481590360403061,0.19696341922581195
Terzan 10,-2.16,0.0,0.0,-99.0,0.0,0.0,0.0,-99.0,0.0,Terzan 10,TERZAN 10,,,,0.14984245598316193,0.06443310606479645,,,,0.2481590360403061,0.19696341922581195
Terzan 12,-0.5,0.0,0.0,0.0,0.0,0.0,0.0,0.0,0.0,Terzan 12,TERZAN 12,,,,0.14984245598316193,0.06443310606479645,,,,0.2481590360403061,0.19696341922581195
Terzan 2,-0.69,0.0,0.0,0.0,0.0,0.0,0.0,0.0,0.0,Terzan 2,TERZAN 2,,,,0.14984245598316193,0.06443310606479645,,,,0.2481590360403061,0.19696341922581195
Terzan 3,-0.74,0.0,0.0,0.0,0.0,0.0,0.0,0.0,0.0,Terzan 3,TERZAN 3,,,,0.14984245598316193,0.06443310606479645,,,,0.2481590360403061,0.19696341922581195
Terzan 4,-1.41,0.0,0.0,0.42,0.009128711,0.0,0.0,0.0,0.0,Terzan 4,TERZAN 4,0.27015751600265503,0.0650765597820282,literature,0.14984245598316193,0.06443310606479645,,,,0.2481590360403061,0.19696341922581195
Terzan 5,-0.23,0.0,0.0,0.0,0.0,0.0,0.0,0.0,0.0,Terzan 5,TERZAN 5,,,,0.14984245598316193,0.06443310606479645,,,,0.2481590360403061,0.19696341922581195
Terzan 6,-0.56,0.0,0.0,0.0,0.0,0.0,0.0,0.0,0.0,Terzan 6,TERZAN 6,,,,0.14984245598316193,0.06443310606479645,,,,0.2481590360403061,0.19696341922581195
Terzan 7,-0.32,0.0,0.0,-0.11,-0.07,0.0,0.0,0.0,0.0,Terzan 7,TERZAN 7,,,,0.14984245598316193,0.06443310606479645,,,,0.2481590360403061,0.19696341922581195
Terzan 8,-2.16,0.0,0.0,0.0,0.0,0.0,0.0,0.0,0.0,Terzan 8,TERZAN 8,,,,0.14984245598316193,0.06443310606479645,,,,0.2481590360403061,0.19696341922581195
Terzan 9,-1.05,0.0,0.0,0.0,0.0,0.0,0.0,0.0,0.0,Terzan 9,TERZAN 9,,,,0.14984245598316193,0.06443310606479645,,,,0.2481590360403061,0.19696341922581195
Ton 2,-0.7,0.30601305,0.0139902895,0.0,0.0,0.41710097,0.02803463,0.0,0.0,Ton 2,TON 2,0.3060130476951599,0.013990289531648159,APOGEE,0.14984245598316193,0.06443310606479645,0.4171009659767151,0.028034629300236702,APOGEE,0.2481590360403061,0.19696341922581195
UKS 1,-0.64,0.0,0.0,0.0,0.0,0.0,0.0,0.0,0.0,UKS 1,UKS 1,,,,0.14984245598316193,0.06443310606479645,,,,0.2481590360403061,0.19696341922581195
VVV-CL001,-2.45,0.0,0.0,-99.0,0.0,0.0,0.0,-99.0,0.0,VVV-CL001,VVV-CL001,,,,0.14984245598316193,0.06443310606479645,,,,0.2481590360403061,0.19696341922581195
VVV-CL160,-1.3,0.0,0.0,-99.0,0.0,0.0,0.0,-99.0,0.0,VVV-CL160,VVV-CL160,,,,0.14984245598316193,0.06443310606479645,,,,0.2481590360403061,0.19696341922581195
Whiting 1,-0.7,0.0,0.0,0.0,0.0,0.0,0.0,0.0,0.0,Whiting 1,WHITING 1,,,,0.14984245598316193,0.06443310606479645,,,,0.2481590360403061,0.19696341922581195
