source_name_updated,origin_flag,progenitor_group,ra_deg,dec_deg,cluster_name,cluster_name_key,origin_label,is_in_situ,is_accreted,source_name_pinsitu,legacy_origin_flag,legacy_insitu_prob
2MASS-GC01,1,XXX,272.09085,-19.82972,2MASS-GC01,2MASS-GC01,in_situ,True,False,,,
2MASS-GC02,1,XXX,272.4021,-20.77889,2MASS-GC02,2MASS-GC02,in_situ,True,False,,,
AM 1,0,H-E,58.75959,-49.61528,AM 1,AM 1,accreted,False,True,AM 1,0,0.013993468702980289
AM 4,0,XXX,209.08907,-27.16517,AM 4,AM 4,accreted,False,True,,,
Arp 2,0,Sag,292.18381,-30.35564,Arp 2,ARP 2,accreted,False,True,Arp 2,0,0.023243864851103385
BH 140,1,nan,193.47292,-67.17728,BH 140,BH 140,in_situ,True,False,,,
BH 261,1,M-B,273.5275,-28.635,BH 261,BH 261,in_situ,True,False,,,
Crater,0,H-E,174.06875,-10.87697,Crater,CRATER,accreted,False,True,,,
Djorg 1,1,G-E,266.86958,-33.06639,Djorg 1,DJORG 1,in_situ,True,False,Djorg 1,1,0.9963035004170526
Djorg 2,1,M-B,270.45438,-27.82582,Djorg 2,DJORG 2,in_situ,True,False,Djorg 2,1,0.9911030579724603
E 3,1,H99?,140.23779,-77.28189,E 3,E 3,in_situ,True,False,E 3,1,0.9856895798535361
ESO 280-SC06,0,G-E,272.275,-46.42333,ESO 280-SC06,ESO 280-SC06,accreted,False,True,,,
ESO 452-SC11,1,M-B,249.85417,-28.39917,ESO 452-SC11,ESO 452-SC11,in_situ,True,False,,,
Eridanus,0,H-E,66.18561,-21.18678,Eridanus,ERIDANUS,accreted,False,True,Eridanus,0,0.027676229471292793
FSR 1716,1,M-D,242.625,-53.74889,FSR 1716,FSR 1716,in_situ,True,False,,,
FSR 1735,1,L-E,253.04417,-47.05806,FSR 1735,FSR 1735,in_situ,True,False,,,
FSR 1758,0,Seq,262.8,-39.808,FSR 1758,FSR 1758,accreted,False,True,,,
Gran 1,1,nan,269.651,-32.02,Gran 1,GRAN 1,in_situ,True,False,,,
Gran 2,1,nan,257.89,-24.849,Gran 2,GRAN 2,in_situ,True,False,,,
Gran 3,1,nan,256.256,-35.496,Gran 3,GRAN 3,in_situ,True,False,,,
Gran 5,1,nan,267.228,-24.17,Gran 5,GRAN 5,in_situ,True,False,,,
HP 1,1,M-B,262.77167,-29.98167,HP 1,HP 1,in_situ,True,False,HP 1,1,0.9862464700628306
IC 1257,0,G-E,261.78543,-7.09306,IC 1257,IC 1257,accreted,False,True,IC 1257,0,0.04336936699039269
IC 1276,1,M-D,272.68444,-7.2076,IC 1276,IC 1276,in_situ,True,False,IC 1276,1,0.9960210620449571
IC 4499,0,Seq,225.07719,-82.21379,IC 4499,IC 4499,accreted,False,True,IC 4499,0,0.05055464855263035
Laevens 3,0,nan,316.7267,14.9805,Laevens 3,LAEVENS 3,accreted,False,True,,,
Liller 1,1,XXX,263.35233,-33.38956,Liller 1,LILLER 1,in_situ,True,False,Liller 1,1,0.9953092103968669
Lynga 7,1,M-D,242.76521,-55.31778,Lynga 7,LYNGA 7,in_situ,True,False,Lynga 7,1,0.9960210620449571
NGC 104,1,M-D,6.02379,-72.08131,NGC 104,NGC 104,in_situ,True,False,NGC 104,1,0.9993573544490282
NGC 1261,0,G-E,48.06754,-55.21622,NGC 1261,NGC 1261,accreted,False,True,NGC 1261,0,0.036904070907592554
NGC 1851,0,G-E,78.52816,-40.04655,NGC 1851,NGC 1851,accreted,False,True,NGC 1851,0,0.04336936699039269
NGC 1904,0,G-E,81.04584,-24.52442,NGC 1904,NGC 1904,accreted,False,True,NGC 1904,0,0.04439004354296188
NGC 2298,0,G-E,102.24754,-36.00531,NGC 2298,NGC 2298,accreted,False,True,NGC 2298,0,0.10902123272567997
NGC 2419,0,Sag,114.53529,38.88194,NGC 2419,NGC 2419,accreted,False,True,NGC 2419,1,0.7627213295701823
NGC 2808,0,G-E,138.01291,-64.86349,NGC 2808,NGC 2808,accreted,False,True,NGC 2808,0,0.31247734136068883
NGC 288,0,G-E,13.1885,-26.58261,NGC 288,NGC 288,accreted,False,True,NGC 288,0,0.16209513589408425
NGC 3201,0,Seq/G-E,154.40343,-46.41248,NGC 3201,NGC 3201,accreted,False,True,NGC 3201,0,0.12032163646543652
NGC 362,0,G-E,15.80942,-70.84878,NGC 362,NGC 362,accreted,False,True,NGC 362,0,0.20302321567657136
NGC 4147,0,G-E,182.52626,18.54264,NGC 4147,NGC 4147,accreted,False,True,NGC 4147,0,0.01788135713836259
NGC 4372,1,M-D,186.4391,-72.65908,NGC 4372,NGC 4372,in_situ,True,False,NGC 4372,1,0.9963882848599984
NGC 4590,0,H99,189.86658,-26.74406,NGC 4590,NGC 4590,accreted,False,True,NGC 4590,0,0.007464419565195705
NGC 4833,1,G-E,194.89134,-70.8765,NGC 4833,NGC 4833,in_situ,True,False,NGC 4833,1,0.9665065738251992
NGC 5024,0,H99,198.23021,18.16817,NGC 5024,NGC 5024,accreted,False,True,NGC 5024,0,0.06788969279588679
NGC 5053,0,H99,199.11288,17.70025,NGC 5053,NGC 5053,accreted,False,True,NGC 5053,0,0.03519508415982363
NGC 5139,1,G-E/Seq,201.69699,-47.47947,NGC 5139,NGC 5139,in_situ,True,False,NGC 5139,1,0.9613645169541708
NGC 5272,0,H99,205.54842,28.37728,NGC 5272,NGC 5272,accreted,False,True,NGC 5272,0,0.18810791152804
NGC 5286,0,G-E,206.61171,-51.37425,NGC 5286,NGC 5286,accreted,False,True,NGC 5286,0,0.15433058234183866
NGC 5466,0,Seq,211.36371,28.53444,NGC 5466,NGC 5466,accreted,False,True,NGC 5466,0,0.012738503625337145
NGC 5634,0,H99/G-E,217.40533,-5.97643,NGC 5634,NGC 5634,accreted,False,True,NGC 5634,0,0.025392801703148418
NGC 5694,0,H-E,219.90125,-26.53878,NGC 5694,NGC 5694,accreted,False,True,NGC 5694,0,0.01734685982780463
NGC 5824,0,Sag,225.99416,-33.06814,NGC 5824,NGC 5824,accreted,False,True,NGC 5824,0,0.03533241504134091
NGC 5897,1,G-E,229.35166,-21.01012,NGC 5897,NGC 5897,in_situ,True,False,NGC 5897,1,0.8383154505282484
NGC 5904,0,H99/G-E,229.63841,2.08103,NGC 5904,NGC 5904,accreted,False,True,NGC 5904,0,0.052995066938908694
NGC 5927,1,M-D,232.00287,-50.67303,NGC 5927,NGC 5927,in_situ,True,False,NGC 5927,1,0.9980398541523932
NGC 5946,1,L-E,233.86905,-50.65971,NGC 5946,NGC 5946,in_situ,True,False,NGC 5946,1,0.9645205604863837
NGC 5986,1,L-E,236.5125,-37.78642,NGC 5986,NGC 5986,in_situ,True,False,NGC 5986,1,0.977405297470699
NGC 6093,1,L-E,244.26004,-22.97608,NGC 6093,NGC 6093,in_situ,True,False,NGC 6093,1,0.961159117487628
NGC 6101,0,Seq/G-E,246.45049,-72.20219,NGC 6101,NGC 6101,accreted,False,True,NGC 6101,0,0.03240252946465515
NGC 6121,1,L-E,245.89674,-26.52575,NGC 6121,NGC 6121,in_situ,True,False,NGC 6121,1,0.9830726396808479
NGC 6139,1,L-E,246.91847,-38.84878,NGC 6139,NGC 6139,in_situ,True,False,NGC 6139,1,0.9830726396808479
NGC 6144,1,L-E,246.80777,-26.0235,NGC 6144,NGC 6144,in_situ,True,False,NGC 6144,1,0.9475765108696705
NGC 6171,1,M-B,248.13275,-13.05378,NGC 6171,NGC 6171,in_situ,True,False,NGC 6171,1,0.9898556382791794
NGC 6205,1,G-E,250.42181,36.45986,NGC 6205,NGC 6205,in_situ,True,False,NGC 6205,1,0.7252940307769037
NGC 6218,1,M-D,251.80907,-1.94853,NGC 6218,NGC 6218,in_situ,True,False,NGC 6218,1,0.9934778799117138
NGC 6229,0,G-E,251.74525,47.5278,NGC 6229,NGC 6229,accreted,False,True,NGC 6229,0,0.07071587066241872
NGC 6235,1,G-E,253.35568,-22.17745,NGC 6235,NGC 6235,in_situ,True,False,NGC 6235,1,0.9945883773793928
NGC 6254,1,L-E,254.28772,-4.10031,NGC 6254,NGC 6254,in_situ,True,False,NGC 6254,1,0.9917132060767551
NGC 6256,1,L-E,254.88611,-37.12097,NGC 6256,NGC 6256,in_situ,True,False,NGC 6256,1,0.9971876458568325
NGC 6266,1,M-B,255.30415,-30.11339,NGC 6266,NGC 6266,in_situ,True,False,NGC 6266,1,0.9968335569737727
NGC 6273,1,L-E,255.65749,-26.26797,NGC 6273,NGC 6273,in_situ,True,False,NGC 6273,1,0.9505558026556163
NGC 6284,1,G-E,256.12011,-24.7648,NGC 6284,NGC 6284,in_situ,True,False,NGC 6284,1,0.9213903367732723
NGC 6287,1,L-E,256.2889,-22.70801,NGC 6287,NGC 6287,in_situ,True,False,NGC 6287,1,0.9767288735121974
NGC 6293,1,M-B,257.5425,-26.58208,NGC 6293,NGC 6293,in_situ,True,False,NGC 6293,1,0.9906293585551481
NGC 6304,1,M-B,258.6344,-29.46203,NGC 6304,NGC 6304,in_situ,True,False,NGC 6304,1,0.9963035004170526
NGC 6316,1,M-B,259.15542,-28.14011,NGC 6316,NGC 6316,in_situ,True,False,NGC 6316,1,0.9898556382791794
NGC 6325,1,M-B,259.49633,-23.76768,NGC 6325,NGC 6325,in_situ,True,False,NGC 6325,1,0.9911665130662476
NGC 6333,1,L-E,259.79909,-18.51626,NGC 6333,NGC 6333,in_situ,True,False,NGC 6333,1,0.977405297470699
NGC 6341,0,G-E,259.28076,43.13594,NGC 6341,NGC 6341,accreted,False,True,NGC 6341,0,0.48479279958768834
NGC 6342,1,M-B,260.29157,-19.58766,NGC 6342,NGC 6342,in_situ,True,False,NGC 6342,1,0.99567352412392
NGC 6352,1,M-D,261.37128,-48.42217,NGC 6352,NGC 6352,in_situ,True,False,NGC 6352,1,0.9984555061771326
NGC 6355,1,M-B,260.99353,-26.35283,NGC 6355,NGC 6355,in_situ,True,False,NGC 6355,1,0.9881708303785642
NGC 6356,1,M-D,260.8958,-17.81303,NGC 6356,NGC 6356,in_situ,True,False,NGC 6356,1,0.9860932211593954
NGC 6362,1,M-D,262.9791,-67.04833,NGC 6362,NGC 6362,in_situ,True,False,NGC 6362,1,0.9960210620449571
NGC 6366,1,M-D,261.93436,-5.07986,NGC 6366,NGC 6366,in_situ,True,False,NGC 6366,1,0.9960210620449571
NGC 6380,1,M-B,263.61861,-39.06953,NGC 6380,NGC 6380,in_situ,True,False,NGC 6380,1,0.9911086108630256
NGC 6388,1,M-B,264.07178,-44.7355,NGC 6388,NGC 6388,in_situ,True,False,NGC 6388,1,0.9740034883910369
NGC 6397,1,M-D,265.17538,-53.67434,NGC 6397,NGC 6397,in_situ,True,False,NGC 6397,1,0.9946375013355129
NGC 6401,1,L-E,264.65219,-23.9096,NGC 6401,NGC 6401,in_situ,True,False,NGC 6401,1,0.9934723429562963
NGC 6402,1,L-E,264.40065,-3.24592,NGC 6402,NGC 6402,in_situ,True,False,NGC 6402,1,0.978575589810401
NGC 6426,0,H-E,266.22796,3.17014,NGC 6426,NGC 6426,accreted,False,True,NGC 6426,0,0.9504983098240237
NGC 6440,1,M-B,267.22017,-20.36042,NGC 6440,NGC 6440,in_situ,True,False,NGC 6440,1,0.9928693380966496
NGC 6441,1,L-E,267.55441,-37.05145,NGC 6441,NGC 6441,in_situ,True,False,NGC 6441,1,0.9934778799117138
NGC 6453,1,L-E,267.71551,-34.59848,NGC 6453,NGC 6453,in_situ,True,False,NGC 6453,1,0.9862922410111115
NGC 6496,1,M-D,269.76535,-44.26595,NGC 6496,NGC 6496,in_situ,True,False,NGC 6496,1,0.9960210620449571
NGC 6517,1,L-E,270.46075,-8.95878,NGC 6517,NGC 6517,in_situ,True,False,NGC 6517,1,0.9934723429562963
NGC 6522,1,M-B,270.89196,-30.03397,NGC 6522,NGC 6522,in_situ,True,False,NGC 6522,1,0.997798317341485
NGC 6528,1,M-B,271.2067,-30.05578,NGC 6528,NGC 6528,in_situ,True,False,NGC 6528,1,0.9959819160983628
NGC 6535,1,L-E/Seq,270.96045,-0.29764,NGC 6535,NGC 6535,in_situ,True,False,NGC 6535,1,0.942025822951273
NGC 6539,1,M-B,271.20728,-7.58586,NGC 6539,NGC 6539,in_situ,True,False,NGC 6539,1,0.9765133423996702
NGC 6540,1,M-B,271.53566,-27.76529,NGC 6540,NGC 6540,in_situ,True,False,NGC 6540,1,0.9979036999653512
NGC 6541,1,L-E,272.00983,-43.71489,NGC 6541,NGC 6541,in_situ,True,False,NGC 6541,1,0.9830726396808479
NGC 6544,1,L-E,271.83383,-24.99822,NGC 6544,NGC 6544,in_situ,True,False,NGC 6544,1,0.977405297470699
NGC 6553,1,M-B,272.32299,-25.90807,NGC 6553,NGC 6553,in_situ,True,False,NGC 6553,1,0.9973282896560988
NGC 6558,1,M-B,272.57397,-31.76451,NGC 6558,NGC 6558,in_situ,True,False,NGC 6558,1,0.9905845003035237
NGC 6569,1,M-B,273.41167,-31.82689,NGC 6569,NGC 6569,in_situ,True,False,NGC 6569,1,0.9960862292854965
NGC 6584,0,H-E,274.65665,-52.21578,NGC 6584,NGC 6584,accreted,False,True,NGC 6584,0,0.08103605701196445
NGC 6624,1,M-B,275.91879,-30.36103,NGC 6624,NGC 6624,in_situ,True,False,NGC 6624,1,0.993394515879005
NGC 6626,1,M-B,276.13704,-24.86985,NGC 6626,NGC 6626,in_situ,True,False,NGC 6626,1,0.9957535189684674
NGC 6637,1,M-B,277.84625,-32.34808,NGC 6637,NGC 6637,in_situ,True,False,NGC 6637,1,0.9934723429562963
NGC 6638,1,M-B,277.73373,-25.49747,NGC 6638,NGC 6638,in_situ,True,False,NGC 6638,1,0.9862922410111115
NGC 6642,1,M-B,277.97596,-23.4756,NGC 6642,NGC 6642,in_situ,True,False,NGC 6642,1,0.991801104849129
NGC 6652,1,M-B,278.94012,-32.99072,NGC 6652,NGC 6652,in_situ,True,False,NGC 6652,1,0.9767288735121974
NGC 6656,1,M-D,279.09976,-23.90475,NGC 6656,NGC 6656,in_situ,True,False,NGC 6656,1,0.9863084828321118
NGC 6681,1,L-E,280.80316,-32.29211,NGC 6681,NGC 6681,in_situ,True,False,NGC 6681,1,0.944895727453985
NGC 6712,1,L-E,283.26802,-8.70596,NGC 6712,NGC 6712,in_situ,True,False,NGC 6712,1,0.9470787227387109
NGC 6715,0,Sag,283.76385,-30.47986,NGC 6715,NGC 6715,accreted,False,True,NGC 6715,0,0.021100617927225642
NGC 6717,1,M-B,283.77518,-22.70147,NGC 6717,NGC 6717,in_situ,True,False,NGC 6717,1,0.9957535189684674
NGC 6723,1,M-B,284.88812,-36.63225,NGC 6723,NGC 6723,in_situ,True,False,NGC 6723,1,0.9569867448757204
NGC 6749,1,M-D,286.31406,1.89976,NGC 6749,NGC 6749,in_situ,True,False,NGC 6749,1,0.9984555061771326
NGC 6752,1,M-D,287.7171,-59.98455,NGC 6752,NGC 6752,in_situ,True,False,NGC 6752,1,0.9976858461668071
NGC 6760,1,M-D,287.80027,1.03047,NGC 6760,NGC 6760,in_situ,True,False,NGC 6760,1,0.9934778799117138
NGC 6779,0,G-E,289.14819,30.18347,NGC 6779,NGC 6779,accreted,False,True,NGC 6779,0,0.16074140339669143
NGC 6809,1,L-E,294.99878,-30.96475,NGC 6809,NGC 6809,in_situ,True,False,NGC 6809,1,0.9830726396808479
NGC 6838,1,M-D,298.44373,18.77919,NGC 6838,NGC 6838,in_situ,True,False,NGC 6838,1,0.9995771329568245
NGC 6864,0,G-E,301.51978,-21.92116,NGC 6864,NGC 6864,accreted,False,True,NGC 6864,0,0.14060487064385274
NGC 6934,0,H-E,308.54739,7.40447,NGC 6934,NGC 6934,accreted,False,True,NGC 6934,0,0.027676229471292793
NGC 6981,0,H99,313.36542,-12.53731,NGC 6981,NGC 6981,accreted,False,True,NGC 6981,0,0.021951050942836694
NGC 7006,0,Seq,315.37263,16.18732,NGC 7006,NGC 7006,accreted,False,True,NGC 7006,0,0.01734685982780463
NGC 7078,1,M-D,322.49304,12.167,NGC 7078,NGC 7078,in_situ,True,False,NGC 7078,1,0.9853853287274101
NGC 7089,0,G-E,323.36258,-0.82325,NGC 7089,NGC 7089,accreted,False,True,NGC 7089,0,0.04088243202473436
NGC 7099,1,G-E,325.09213,-23.17986,NGC 7099,NGC 7099,in_situ,True,False,NGC 7099,1,0.7252940307769037
NGC 7492,0,G-E,347.11117,-15.61147,NGC 7492,NGC 7492,accreted,False,True,NGC 7492,0,0.11457246933405825
Pal 1,1,M-D,53.3335,79.58105,Pal 1,PAL 1,in_situ,True,False,Pal 1,1,0.8625190637212515
Pal 10,1,M-D,289.50873,18.57167,Pal 10,PAL 10,in_situ,True,False,Pal 10,1,0.9977938210216455
Pal 11,1,M-D,296.31,-8.00722,Pal 11,PAL 11,in_situ,True,False,Pal 11,1,0.9989644975781969
Pal 12,0,Sag,326.6618,-21.25261,Pal 12,PAL 12,accreted,False,True,Pal 12,0,0.0027898968172919416
Pal 13,0,Seq,346.68519,12.77154,Pal 13,PAL 13,accreted,False,True,Pal 13,0,0.01734685982780463
Pal 14,0,H-E,242.7525,14.95778,Pal 14,PAL 14,accreted,False,True,,,
Pal 15,0,G-E?,254.9626,-0.539,Pal 15,PAL 15,accreted,False,True,,,
Pal 2,0,G-E?,71.52462,31.3815,Pal 2,PAL 2,accreted,False,True,Pal 2,0,0.03421471493291998
Pal 3,0,H-E,151.38162,0.07167,Pal 3,PAL 3,accreted,False,True,Pal 3,1,0.7627213295701823
Pal 4,0,H-E,172.31833,28.97337,Pal 4,PAL 4,accreted,False,True,Pal 4,0,0.009494237183853947
Pal 5,0,H99?,229.01917,-0.121,Pal 5,PAL 5,accreted,False,True,Pal 5,0,0.12148315531029243
Pal 6,1,L-E,265.92581,-26.22499,Pal 6,PAL 6,in_situ,True,False,Pal 6,1,0.9854145358150557
Pal 8,1,M-D,280.37729,-19.82886,Pal 8,PAL 8,in_situ,True,False,Pal 8,1,0.9898556382791794
Patchick 126,1,nan,256.41083,-47.34222,Patchick 126,PATCHICK 126,in_situ,True,False,,,
Pyxis,0,H-E,136.9869,-37.2266,Pyxis,PYXIS,accreted,False,True,Pyxis,0,0.013993468702980289
Rup 106,0,H99?,189.6675,-51.15028,Rup 106,RUP 106,accreted,False,True,Rup 106,0,0.017193106874891787
Sagittarius II,0,nan,298.16471,-22.06525,Sagittarius II,SAGITTARIUS II,accreted,False,True,,,
Terzan 1,1,M-B,263.94667,-30.48178,Terzan 1,TERZAN 1,in_situ,True,False,Terzan 1,1,0.9971876458568325
Terzan 10,1,G-E,270.74083,-26.06694,Terzan 10,TERZAN 10,in_situ,True,False,Terzan 10,1,0.9835282035304537
Terzan 12,1,M-D,273.06583,-22.74194,Terzan 12,TERZAN 12,in_situ,True,False,Terzan 12,1,0.9963035004170526
Terzan 2,1,M-B,261.88792,-30.80233,Terzan 2,TERZAN 2,in_situ,True,False,Terzan 2,1,0.9928693380966496
Terzan 3,1,M-D,247.16248,-35.33983,Terzan 3,TERZAN 3,in_situ,True,False,Terzan 3,1,0.9957535189684674
Terzan 4,1,M-B,262.66251,-31.59553,Terzan 4,TERZAN 4,in_situ,True,False,Terzan 4,1,0.9987961043928532
Terzan 5,1,M-B,267.0202,-24.77906,Terzan 5,TERZAN 5,in_situ,True,False,,,
Terzan 6,1,M-B,267.69325,-31.27539,Terzan 6,TERZAN 6,in_situ,True,False,Terzan 6,1,0.9928693380966496
Terzan 7,0,Sag,289.43298,-34.65772,Terzan 7,TERZAN 7,accreted,False,True,Terzan 7,0,0.013860958118929895
Terzan 8,0,Sag,295.43503,-33.99947,Terzan 8,TERZAN 8,accreted,False,True,Terzan 8,0,0.02714811320266754
Terzan 9,1,M-B,270.41167,-26.83972,Terzan 9,TERZAN 9,in_situ,True,False,Terzan 9,1,0.9979954726454348
Ton 2,1,L-E,264.042,-38.5561,Ton 2,TON 2,in_situ,True,False,Ton 2,1,0.9960601981898647
UKS 1,1,XXX,268.61331,-24.14528,UKS 1,UKS 1,in_situ,True,False,UKS 1,1,0.9170457705722158
VVV-CL001,1,nan,268.67708,-24.01472,VVV-CL001,VVV-CL001,in_situ,True,False,,,
VVV-CL160,0,nan,271.7375,-20.01111,VVV-CL160,VVV-CL160,accreted,False,True,,,
Whiting 1,0,Sag,30.7375,-3.25278,Whiting 1,WHITING 1,accreted,False,True,,,
